datetime_utc,storage_slots_used,max_storage_slots
2024-08-07 06:37:19, 19, 25000
2024-08-07 06:42:23, 19, 25000
2024-08-07 08:40:44, 19, 25000
2024-08-07 10:40:28, 19, 25000
2024-08-07 12:48:14, 19, 25000
2024-08-07 14:39:49, 19, 25000
2024-08-07 16:42:13, 19, 25000
2024-08-07 18:41:08, 19, 25000
2024-08-07 20:40:28, 19, 25000
2024-08-07 22:39:48, 19, 25000
2024-08-08 00:57:43, 19, 25000
2024-08-08 02:46:45, 19, 25000
2024-08-08 04:40:54, 19, 25000
2024-08-08 06:41:49, 19, 25000
2024-08-08 08:41:04, 19, 25000
2024-08-08 10:40:22, 19, 25000
2024-08-08 12:48:06, 19, 25000
2024-08-08 14:39:42, 19, 25000
2024-08-08 16:41:37, 19, 25000
2024-08-08 18:41:39, 19, 25000
2024-08-08 20:39:48, 19, 25000
2024-08-08 22:39:49, 19, 25000
2024-08-09 00:57:49, 19, 25000
2024-08-09 02:46:45, 19, 25000
2024-08-09 04:40:45, 19, 25000
2024-08-09 06:42:03, 20, 25000
2024-08-09 08:41:00, 20, 25000
2024-08-09 10:40:35, 20, 25000
2024-08-09 12:47:52, 20, 25000
2024-08-09 14:39:46, 20, 25000
2024-08-09 16:41:29, 20, 25000
2024-08-09 18:41:14, 20, 25000
2024-08-09 20:39:47, 20, 25000
2024-08-09 22:40:08, 20, 25000
2024-08-10 00:57:50, 20, 25000
2024-08-10 02:45:54, 20, 25000
2024-08-10 04:41:35, 20, 25000
2024-08-10 06:41:17, 20, 25000
2024-08-10 08:40:20, 20, 25000
2024-08-10 10:40:09, 20, 25000
2024-08-10 12:46:37, 20, 25000
2024-08-10 14:39:37, 20, 25000
2024-08-10 16:41:59, 20, 25000
2024-08-10 18:40:23, 20, 25000
2024-08-10 20:39:44, 20, 25000
2024-08-10 22:39:43, 20, 25000
2024-08-11 00:57:57, 20, 25000
2024-08-11 02:48:10, 20, 25000
2024-08-11 04:40:31, 20, 25000
2024-08-11 06:41:27, 20, 25000
2024-08-11 08:40:12, 20, 25000
2024-08-11 10:39:50, 20, 25000
2024-08-11 12:46:38, 20, 25000
2024-08-11 14:40:05, 20, 25000
2024-08-11 16:40:52, 20, 25000
2024-08-11 18:41:11, 20, 25000
2024-08-11 20:39:58, 20, 25000
2024-08-11 22:40:09, 20, 25000
2024-08-12 00:57:47, 20, 25000
2024-08-12 02:47:14, 20, 25000
2024-08-12 04:40:44, 20, 25000
2024-08-12 06:41:50, 20, 25000
2024-08-12 08:41:17, 20, 25000
2024-08-12 10:40:40, 20, 25000
2024-08-12 12:48:53, 20, 25000
2024-08-12 14:40:40, 20, 25000
2024-08-12 16:41:48, 20, 25000
2024-08-12 18:41:50, 20, 25000
2024-08-12 20:40:15, 20, 25000
2024-08-12 22:39:59, 20, 25000
2024-08-13 00:57:52, 20, 25000
2024-08-21 00:57:48, 20, 25000
2024-08-21 02:46:04, 20, 25000
2024-08-21 04:40:52, 20, 25000
2024-08-21 06:41:28, 20, 25000
2024-08-21 08:41:16, 20, 25000
2024-08-21 10:40:26, 20, 25000
2024-08-21 12:45:58, 20, 25000
2024-08-21 14:40:30, 20, 25000
2024-08-21 18:41:20, 20, 25000
2024-08-21 20:40:12, 20, 25000
2024-08-21 22:39:39, 20, 25000
2024-08-22 00:57:50, 20, 25000
2024-08-22 02:46:45, 20, 25000
2024-08-22 04:40:39, 20, 25000
2024-08-22 06:41:52, 20, 25000
2024-08-22 08:40:57, 20, 25000
2024-08-22 10:41:36, 20, 25000
2024-08-22 12:48:09, 20, 25000
2024-08-22 14:40:28, 20, 25000
2024-08-22 16:42:47, 20, 25000
2024-08-22 18:41:15, 20, 25000
2024-08-22 20:39:38, 20, 25000
2024-08-22 22:41:25, 20, 25000
2024-08-23 00:57:44, 20, 25000
2024-08-23 02:46:40, 20, 25000
2024-08-23 04:40:44, 20, 25000
2024-08-23 06:41:35, 20, 25000
2024-08-23 08:41:08, 20, 25000
2024-08-23 10:40:30, 20, 25000
2024-08-23 12:47:54, 20, 25000
2024-08-23 14:40:32, 20, 25000
2024-08-23 16:41:56, 20, 25000
2024-08-23 18:41:05, 20, 25000
2024-08-23 20:39:52, 20, 25000
2024-08-23 22:39:45, 20, 25000
2024-08-24 00:57:38, 20, 25000
2024-08-24 02:46:12, 20, 25000
2024-08-24 04:40:51, 20, 25000
2024-08-24 06:41:10, 20, 25000
2024-08-24 08:40:10, 20, 25000
2024-08-24 10:39:40, 20, 25000
2024-08-24 12:47:28, 20, 25000
2024-08-24 14:39:58, 20, 25000
2024-08-24 16:41:06, 20, 25000
2024-08-24 18:40:36, 20, 25000
2024-08-24 20:39:44, 20, 25000
2024-08-24 22:39:39, 20, 25000
2024-08-25 00:57:58, 20, 25000
2024-08-25 02:48:31, 20, 25000
2024-08-25 04:40:50, 20, 25000
2024-08-25 06:41:15, 20, 25000
2024-08-25 08:40:53, 20, 25000
2024-08-25 10:40:22, 20, 25000
2024-08-25 12:46:37, 20, 25000
2024-08-25 14:39:40, 20, 25000
2024-08-25 16:41:04, 20, 25000
2024-08-25 18:40:32, 20, 25000
2024-08-25 20:40:39, 20, 25000
2024-08-25 22:39:51, 20, 25000
2024-08-26 00:57:47, 20, 25000
2024-08-26 02:46:50, 20, 25000
2024-08-26 04:41:10, 20, 25000
2024-08-26 06:42:08, 20, 25000
2024-08-26 08:41:30, 20, 25000
2024-08-26 10:41:30, 20, 25000
2024-08-26 12:48:40, 20, 25000
2024-08-26 14:39:57, 20, 25000
2024-08-26 16:42:00, 20, 25000
2024-08-26 18:41:14, 20, 25000
2024-08-26 20:40:01, 20, 25000
2024-08-26 22:40:19, 20, 25000
2024-08-27 00:57:47, 20, 25000
2024-08-27 02:46:57, 20, 25000
2024-08-27 04:41:17, 20, 25000
2024-08-27 06:41:52, 20, 25000
2024-08-27 08:41:23, 20, 25000
2024-08-27 10:40:32, 20, 25000
2024-08-27 12:48:22, 20, 25000
2024-08-27 14:40:31, 20, 25000
2024-08-27 16:41:42, 20, 25000
2024-08-27 18:41:25, 20, 25000
2024-08-27 20:40:01, 20, 25000
2024-08-27 22:41:33, 20, 25000
2024-08-28 00:57:55, 20, 25000
2024-08-28 02:47:33, 20, 25000
2024-08-28 04:41:05, 20, 25000
2024-08-28 06:41:58, 20, 25000
2024-08-28 08:41:18, 20, 25000
2024-08-28 10:40:35, 20, 25000
2024-08-28 12:48:57, 20, 25000
2024-08-28 14:40:24, 20, 25000
2024-08-28 16:42:51, 20, 25000
2024-08-28 18:41:19, 20, 25000
2024-08-28 20:39:48, 20, 25000
2024-08-28 22:40:05, 20, 25000
2024-08-29 00:57:52, 20, 25000
2024-08-29 02:48:53, 20, 25000
2024-08-29 04:41:11, 20, 25000
2024-08-29 06:42:21, 20, 25000
2024-08-29 08:41:25, 20, 25000
2024-08-29 10:40:58, 20, 25000
2024-08-29 12:48:51, 20, 25000
2024-08-29 14:40:51, 20, 25000
2024-08-29 16:41:59, 20, 25000
2024-08-29 18:41:46, 20, 25000
2024-08-29 20:40:03, 20, 25000
2024-08-29 22:40:29, 20, 25000
2024-08-30 00:57:50, 20, 25000
2024-08-30 02:49:14, 20, 25000
2024-08-30 04:41:09, 20, 25000
2024-08-30 06:42:17, 20, 25000
2024-08-30 08:41:21, 20, 25000
2024-08-30 10:40:57, 20, 25000
2024-08-30 12:48:48, 20, 25000
2024-08-30 14:40:37, 20, 25000
2024-08-30 16:41:51, 20, 25000
2024-08-30 18:41:48, 20, 25000
2024-08-30 20:40:09, 20, 25000
2024-08-30 22:40:26, 20, 25000
2024-08-31 00:57:55, 20, 25000
2024-08-31 02:48:13, 20, 25000
2024-08-31 04:41:23, 20, 25000
2024-08-31 06:41:11, 20, 25000
2024-08-31 08:41:07, 20, 25000
2024-08-31 10:40:02, 20, 25000
2024-08-31 12:47:23, 20, 25000
2024-08-31 14:39:38, 20, 25000
2024-08-31 16:42:08, 20, 25000
2024-08-31 18:40:53, 20, 25000
2024-08-31 20:40:11, 20, 25000
2024-08-31 22:40:17, 20, 25000
2024-09-01 00:58:19, 20, 25000
2024-09-01 02:55:36, 20, 25000
2024-09-01 04:41:20, 20, 25000
2024-09-01 06:42:05, 20, 25000
2024-09-01 08:40:50, 20, 25000
2024-09-01 10:40:19, 20, 25000
2024-09-01 12:47:59, 20, 25000
2024-09-01 14:39:54, 20, 25000
2024-09-01 16:41:41, 20, 25000
2024-09-01 18:41:08, 20, 25000
2024-09-01 20:40:21, 20, 25000
2024-09-01 22:40:38, 20, 25000
2024-09-02 00:57:58, 20, 25000
2024-09-02 02:50:54, 20, 25000
2024-09-02 04:41:16, 20, 25000
2024-09-02 06:42:46, 20, 25000
2024-09-02 08:41:39, 20, 25000
2024-09-02 10:41:04, 20, 25000
2024-09-02 12:49:33, 20, 25000
2024-09-02 14:40:14, 20, 25000
2024-09-02 16:42:47, 20, 25000
2024-09-02 18:41:33, 20, 25000
2024-09-02 20:40:23, 20, 25000
2024-09-02 22:40:20, 20, 25000
2024-09-03 00:57:54, 20, 25000
2024-09-03 02:48:16, 20, 25000
2024-09-03 04:40:55, 20, 25000
2024-09-03 06:42:22, 20, 25000
2024-09-03 08:41:38, 20, 25000
2024-09-03 10:40:56, 20, 25000
2024-09-03 12:49:04, 20, 25000
2024-09-03 14:40:44, 20, 25000
2024-09-03 16:42:30, 20, 25000
2024-09-03 18:41:50, 20, 25000
2024-09-03 20:40:11, 20, 25000
2024-09-03 22:41:21, 20, 25000
2024-09-04 00:57:58, 20, 25000
2024-09-04 02:49:10, 20, 25000
2024-09-04 04:41:15, 20, 25000
2024-09-04 06:42:19, 20, 25000
2024-09-04 08:41:20, 20, 25000
2024-09-04 10:40:55, 20, 25000
2024-09-04 12:49:20, 20, 25000
2024-09-04 14:40:42, 20, 25000
2024-09-04 16:42:02, 20, 25000
2024-09-04 18:41:22, 20, 25000
2024-09-04 20:40:53, 20, 25000
2024-09-04 22:40:36, 20, 25000
2024-09-05 00:57:55, 20, 25000
2024-09-05 02:49:39, 20, 25000
2024-09-05 04:41:19, 20, 25000
2024-09-05 06:42:17, 20, 25000
2024-09-05 08:41:28, 20, 25000
2024-09-05 10:41:10, 20, 25000
2024-09-05 12:49:18, 20, 25000
2024-09-05 14:40:41, 20, 25000
2024-09-05 16:42:14, 20, 25000
2024-09-05 18:41:34, 20, 25000
2024-09-05 20:40:09, 20, 25000
2024-09-05 22:40:24, 20, 25000
2024-09-06 00:57:53, 20, 25000
2024-09-06 02:49:39, 20, 25000
2024-09-06 04:40:58, 20, 25000
2024-09-06 06:42:15, 20, 25000
2024-09-06 08:41:27, 20, 25000
2024-09-06 10:40:56, 20, 25000
2024-09-06 12:48:40, 20, 25000
2024-09-06 14:40:33, 20, 25000
2024-09-06 16:43:04, 20, 25000
2024-09-06 18:41:51, 20, 25000
2024-09-06 20:39:55, 20, 25000
2024-09-06 22:41:02, 20, 25000
2024-09-07 00:57:48, 20, 25000
2024-09-07 02:48:15, 20, 25000
2024-09-07 04:40:59, 20, 25000
2024-09-07 06:41:38, 20, 25000
2024-09-07 08:40:38, 20, 25000
2024-09-07 10:40:37, 20, 25000
2024-09-07 12:47:02, 20, 25000
2024-09-07 14:39:44, 20, 25000
2024-09-07 16:41:20, 20, 25000
2024-09-07 18:41:02, 20, 25000
2024-09-07 20:39:48, 20, 25000
2024-09-07 22:40:43, 20, 25000
2024-09-08 00:58:08, 20, 25000
2024-09-08 02:51:58, 20, 25000
2024-09-08 04:40:49, 20, 25000
2024-09-08 06:41:20, 20, 25000
2024-09-08 08:40:51, 20, 25000
2024-09-08 10:40:19, 20, 25000
2024-09-08 12:47:32, 20, 25000
2024-09-08 14:39:43, 20, 25000
2024-09-08 16:42:03, 20, 25000
2024-09-08 18:41:08, 20, 25000
2024-09-08 20:40:35, 20, 25000
2024-09-08 22:40:04, 20, 25000
2024-09-09 00:57:59, 20, 25000
2024-09-09 02:52:03, 20, 25000
2024-09-09 04:41:20, 20, 25000
2024-09-09 06:43:31, 20, 25000
2024-09-09 08:42:38, 20, 25000
2024-09-09 10:41:39, 20, 25000
2024-09-09 12:50:18, 20, 25000
2024-09-09 14:41:14, 20, 25000
2024-09-09 16:42:07, 20, 25000
2024-09-09 18:42:07, 20, 25000
2024-09-09 20:40:09, 20, 25000
2024-09-09 22:40:38, 20, 25000
2024-09-10 00:57:56, 20, 25000
2024-09-10 02:51:12, 20, 25000
2024-09-10 04:41:13, 20, 25000
2024-09-10 06:42:24, 20, 25000
2024-09-10 08:41:35, 20, 25000
2024-09-10 10:41:05, 20, 25000
2024-09-10 12:49:58, 20, 25000
2024-09-10 14:40:49, 20, 25000
2024-09-10 16:41:57, 20, 25000
2024-09-10 18:41:54, 20, 25000
2024-09-10 20:40:09, 20, 25000
2024-09-10 22:40:29, 20, 25000
2024-09-11 02:49:31, 20, 25000
2024-09-11 04:42:14, 20, 25000
2024-09-11 06:42:26, 20, 25000
2024-09-11 08:41:51, 20, 25000
2024-09-11 10:40:57, 20, 25000
2024-09-11 12:49:39, 20, 25000
2024-09-11 14:40:53, 20, 25000
2024-09-11 16:42:25, 20, 25000
2024-09-11 18:41:53, 20, 25000
2024-09-11 20:39:58, 20, 25000
2024-09-11 22:40:23, 20, 25000
2024-09-12 00:57:59, 20, 25000
2024-09-12 02:50:15, 20, 25000
2024-09-12 04:41:35, 20, 25000
2024-09-12 06:42:42, 20, 25000
2024-09-12 08:41:54, 20, 25000
2024-09-12 10:41:11, 20, 25000
2024-09-12 12:49:10, 20, 25000
2024-09-12 14:41:08, 20, 25000
2024-09-12 16:42:45, 20, 25000
2024-09-12 18:42:23, 20, 25000
2024-09-12 20:40:21, 20, 25000
2024-09-12 22:40:45, 20, 25000
2024-09-13 00:57:55, 20, 25000
2024-09-13 02:51:04, 21, 25000
2024-09-13 04:41:15, 21, 25000
2024-09-13 06:42:41, 21, 25000
2024-09-13 08:41:28, 21, 25000
2024-09-13 10:41:08, 21, 25000
2024-09-13 12:48:56, 21, 25000
2024-09-13 14:40:32, 21, 25000
2024-09-13 16:41:44, 21, 25000
2024-09-13 18:41:57, 21, 25000
2024-09-13 20:40:24, 21, 25000
2024-09-13 22:40:44, 21, 25000
2024-09-14 00:57:54, 21, 25000
2024-09-14 02:49:10, 21, 25000
2024-09-14 04:41:07, 21, 25000
2024-09-14 06:42:02, 21, 25000
2024-09-14 08:41:21, 21, 25000
2024-09-14 10:40:26, 21, 25000
2024-09-14 12:47:58, 21, 25000
2024-09-14 14:39:47, 21, 25000
2024-09-14 16:41:33, 21, 25000
2024-09-14 18:41:11, 21, 25000
2024-09-14 20:40:22, 21, 25000
2024-09-14 22:40:35, 21, 25000
2024-09-15 00:58:18, 21, 25000
2024-09-15 02:55:15, 21, 25000
2024-09-15 04:41:16, 21, 25000
2024-09-15 06:42:01, 21, 25000
2024-09-15 08:41:18, 21, 25000
2024-09-15 10:40:42, 21, 25000
2024-09-15 12:48:07, 21, 25000
2024-09-15 14:39:51, 21, 25000
2024-09-15 16:41:58, 21, 25000
2024-09-15 18:41:38, 21, 25000
2024-09-15 20:39:52, 21, 25000
2024-09-15 22:40:36, 21, 25000
2024-09-16 00:58:10, 21, 25000
2024-09-16 02:55:40, 21, 25000
2024-09-16 04:41:34, 21, 25000
2024-09-16 06:43:10, 21, 25000
2024-09-16 08:42:21, 21, 25000
2024-09-16 10:41:36, 21, 25000
2024-09-16 12:50:19, 21, 25000
2024-09-16 14:41:07, 21, 25000
2024-09-16 16:43:12, 21, 25000
2024-09-16 18:42:25, 21, 25000
2024-09-16 20:40:34, 21, 25000
2024-09-16 22:39:45, 21, 25000
2024-09-17 00:57:18, 21, 25000
2024-09-17 02:39:37, 21, 25000
2024-09-17 04:39:50, 21, 25000
2024-09-17 06:42:03, 21, 25000
2024-09-17 08:42:00, 21, 25000
2024-09-17 10:41:10, 21, 25000
2024-09-17 12:49:45, 21, 25000
2024-09-17 14:40:39, 21, 25000
2024-09-17 16:42:25, 21, 25000
2024-09-17 18:42:16, 21, 25000
2024-09-17 20:40:05, 21, 25000
2024-09-17 22:40:33, 21, 25000
2024-09-18 00:57:59, 21, 25000
2024-09-18 02:50:56, 21, 25000
2024-09-18 04:41:36, 21, 25000
2024-09-18 06:42:32, 21, 25000
2024-09-18 08:41:34, 21, 25000
2024-09-18 10:41:17, 21, 25000
2024-09-18 12:49:17, 21, 25000
2024-09-18 14:40:56, 21, 25000
2024-09-18 16:42:12, 21, 25000
2024-09-18 18:42:09, 21, 25000
2024-09-18 20:40:30, 21, 25000
2024-09-18 22:40:44, 21, 25000
2024-09-19 00:58:01, 21, 25000
2024-09-19 02:51:56, 21, 25000
2024-09-19 04:41:45, 21, 25000
2024-09-19 06:42:42, 21, 25000
2024-09-19 08:41:59, 21, 25000
2024-09-19 10:41:16, 21, 25000
2024-09-19 12:49:58, 21, 25000
2024-09-19 14:40:52, 21, 25000
2024-09-19 16:42:47, 21, 25000
2024-09-19 18:42:08, 21, 25000
2024-09-19 20:40:18, 21, 25000
2024-09-19 22:40:36, 21, 25000
2024-09-20 00:58:02, 21, 25000
2024-09-20 02:52:01, 21, 25000
2024-09-20 04:41:28, 21, 25000
2024-09-20 06:42:45, 21, 25000
2024-09-20 08:41:49, 21, 25000
2024-09-20 10:41:22, 21, 25000
2024-09-20 12:49:24, 21, 25000
2024-09-20 14:40:36, 21, 25000
2024-09-20 16:42:23, 21, 25000
2024-09-20 18:42:25, 21, 25000
2024-09-20 20:40:53, 21, 25000
2024-09-20 22:41:06, 21, 25000
2024-09-21 00:57:55, 21, 25000
2024-09-21 02:50:16, 21, 25000
2024-09-21 04:41:18, 21, 25000
2024-09-21 06:41:53, 21, 25000
2024-09-21 08:40:59, 21, 25000
2024-09-21 10:40:29, 21, 25000
2024-09-21 12:47:53, 21, 25000
2024-09-21 14:39:37, 21, 25000
2024-09-21 16:42:01, 21, 25000
2024-09-21 18:41:10, 21, 25000
2024-09-21 20:39:45, 21, 25000
2024-09-21 22:40:14, 21, 25000
2024-09-22 00:58:15, 21, 25000
2024-09-22 02:55:34, 21, 25000
2024-09-22 04:42:05, 21, 25000
2024-09-22 06:42:08, 21, 25000
2024-09-22 08:41:03, 21, 25000
2024-09-22 10:40:37, 21, 25000
2024-09-22 12:48:08, 21, 25000
2024-09-22 14:39:42, 21, 25000
2024-09-22 16:41:30, 21, 25000
2024-09-22 18:41:14, 21, 25000
2024-09-22 20:40:00, 21, 25000
2024-09-22 22:40:29, 21, 25000
2024-09-23 00:58:07, 21, 25000
2024-09-23 02:53:59, 21, 25000
2024-09-23 04:41:32, 21, 25000
2024-09-23 06:43:16, 21, 25000
2024-09-23 08:42:47, 21, 25000
2024-09-23 10:42:11, 21, 25000
2024-09-23 12:50:15, 21, 25000
2024-09-23 14:41:14, 21, 25000
2024-09-23 16:42:42, 21, 25000
2024-09-23 18:42:25, 21, 25000
2024-09-23 20:40:51, 21, 25000
2024-09-23 22:41:02, 21, 25000
2024-09-24 00:58:07, 21, 25000
2024-09-24 02:53:53, 21, 25000
2024-09-24 04:41:39, 21, 25000
2024-09-24 06:43:18, 21, 25000
2024-09-24 08:42:42, 21, 25000
2024-09-24 10:41:54, 21, 25000
2024-09-24 12:50:49, 21, 25000
2024-09-24 14:41:09, 21, 25000
2024-09-24 16:43:11, 21, 25000
2024-09-24 18:42:47, 21, 25000
2024-09-24 20:40:41, 21, 25000
2024-09-24 22:41:04, 21, 25000
2024-09-25 00:58:09, 21, 25000
2024-09-25 02:55:08, 21, 25000
2024-09-25 04:41:52, 21, 25000
2024-09-25 06:43:13, 21, 25000
2024-09-25 08:42:57, 21, 25000
2024-09-25 10:41:59, 21, 25000
2024-09-25 12:50:55, 21, 25000
2024-09-25 14:41:26, 21, 25000
2024-09-25 18:42:42, 21, 25000
2024-09-25 20:40:40, 21, 25000
2024-09-25 22:40:58, 21, 25000
2024-09-26 00:58:04, 21, 25000
2024-09-26 02:53:58, 21, 25000
2024-09-26 04:42:02, 21, 25000
2024-09-26 06:43:09, 21, 25000
2024-09-26 08:42:41, 21, 25000
2024-09-26 10:41:18, 21, 25000
2024-09-26 12:50:55, 21, 25000
2024-09-26 14:41:33, 21, 25000
2024-09-26 16:43:06, 21, 25000
2024-09-26 18:42:26, 21, 25000
2024-09-26 20:40:35, 21, 25000
2024-09-26 22:40:50, 21, 25000
2024-09-27 00:58:06, 21, 25000
2024-09-27 02:54:15, 21, 25000
2024-09-27 04:43:30, 21, 25000
2024-09-27 06:43:39, 21, 25000
2024-09-27 08:42:08, 21, 25000
2024-09-27 10:41:40, 21, 25000
2024-09-27 12:50:22, 21, 25000
2024-09-27 14:41:11, 21, 25000
2024-09-27 16:42:42, 21, 25000
2024-09-27 18:42:37, 21, 25000
2024-09-27 20:40:33, 21, 25000
2024-09-27 22:40:55, 21, 25000
2024-09-28 00:58:01, 21, 25000
2024-09-28 02:52:43, 21, 25000
2024-09-28 04:41:17, 21, 25000
2024-09-28 06:42:11, 21, 25000
2024-09-28 08:41:19, 21, 25000
2024-09-28 10:40:44, 21, 25000
2024-09-28 12:48:31, 21, 25000
2024-09-28 14:39:53, 21, 25000
2024-09-28 16:41:41, 21, 25000
2024-09-28 18:41:32, 21, 25000
2024-09-28 20:40:09, 21, 25000
2024-09-28 22:40:34, 21, 25000
2024-09-29 00:58:21, 21, 25000
2024-09-29 02:56:05, 21, 25000
2024-09-29 04:41:16, 21, 25000
2024-09-29 06:42:26, 21, 25000
2024-09-29 08:41:37, 21, 25000
2024-09-29 10:40:47, 21, 25000
2024-09-29 12:48:41, 21, 25000
2024-09-29 14:40:00, 21, 25000
2024-09-29 16:42:03, 21, 25000
2024-09-29 18:41:43, 21, 25000
2024-09-29 20:40:07, 21, 25000
2024-09-29 22:40:31, 21, 25000
2024-09-30 00:58:12, 21, 25000
2024-09-30 02:56:24, 21, 25000
2024-09-30 04:42:07, 21, 25000
2024-09-30 06:43:47, 21, 25000
2024-09-30 08:42:56, 21, 25000
2024-09-30 10:42:17, 21, 25000
2024-09-30 12:51:33, 21, 25000
2024-09-30 14:41:41, 21, 25000
2024-09-30 16:43:59, 21, 25000
2024-09-30 18:42:56, 21, 25000
2024-09-30 20:40:43, 21, 25000
2024-09-30 22:40:55, 21, 25000
2024-10-01 00:58:26, 21, 25000
2024-10-01 02:57:07, 21, 25000
2024-10-01 04:42:09, 21, 25000
2024-10-01 06:43:57, 21, 25000
2024-10-01 08:42:49, 21, 25000
2024-10-01 10:42:10, 21, 25000
2024-10-01 12:51:09, 21, 25000
2024-10-01 14:41:23, 21, 25000
2024-10-01 16:43:18, 21, 25000
2024-10-01 18:42:53, 21, 25000
2024-10-01 20:40:48, 21, 25000
2024-10-01 22:41:00, 21, 25000
2024-10-02 00:58:02, 21, 25000
2024-10-02 02:53:51, 21, 25000
2024-10-02 04:41:45, 21, 25000
2024-10-02 06:42:57, 21, 25000
2024-10-02 08:42:31, 21, 25000
2024-10-02 10:41:29, 21, 25000
2024-10-02 12:50:26, 21, 25000
2024-10-02 14:40:48, 21, 25000
2024-10-02 16:43:02, 21, 25000
2024-10-02 18:42:51, 21, 25000
2024-10-02 20:41:30, 21, 25000
2024-10-02 22:41:06, 21, 25000
2024-10-03 00:58:02, 21, 25000
2024-10-03 02:54:00, 21, 25000
2024-10-03 04:42:36, 21, 25000
2024-10-03 06:43:08, 21, 25000
2024-10-03 08:42:15, 21, 25000
2024-10-03 10:41:39, 21, 25000
2024-10-03 12:50:19, 21, 25000
2024-10-03 14:41:13, 21, 25000
2024-10-03 16:43:02, 21, 25000
2024-10-03 18:42:54, 21, 25000
2024-10-03 20:40:39, 21, 25000
2024-10-03 22:41:01, 21, 25000
2024-10-04 00:58:04, 21, 25000
2024-10-04 02:54:02, 21, 25000
2024-10-04 04:41:42, 21, 25000
2024-10-04 06:43:26, 21, 25000
2024-10-04 08:42:08, 21, 25000
2024-10-04 10:41:49, 21, 25000
2024-10-04 12:50:15, 21, 25000
2024-10-04 14:40:46, 21, 25000
2024-10-04 16:42:53, 21, 25000
2024-10-04 18:42:37, 21, 25000
2024-10-04 20:40:37, 21, 25000
2024-10-04 22:40:46, 21, 25000
2024-10-05 00:58:02, 21, 25000
2024-10-05 02:52:27, 21, 25000
2024-10-05 04:41:37, 21, 25000
2024-10-05 06:42:14, 21, 25000
2024-10-05 08:41:29, 21, 25000
2024-10-05 10:40:45, 21, 25000
2024-10-05 12:48:36, 21, 25000
2024-10-05 14:39:57, 21, 25000
2024-10-05 16:41:50, 21, 25000
2024-10-05 18:41:25, 21, 25000
2024-10-05 20:39:56, 21, 25000
2024-10-05 22:40:43, 21, 25000
2024-10-06 00:58:16, 21, 25000
2024-10-06 02:56:01, 21, 25000
2024-10-06 04:41:35, 21, 25000
2024-10-06 06:42:21, 21, 25000
2024-10-06 08:41:18, 21, 25000
2024-10-06 10:41:16, 21, 25000
2024-10-06 12:48:41, 21, 25000
2024-10-06 14:40:17, 21, 25000
2024-10-06 16:41:39, 21, 25000
2024-10-06 18:41:19, 21, 25000
2024-10-06 20:39:56, 21, 25000
2024-10-06 22:40:32, 21, 25000
2024-10-07 00:58:09, 21, 25000
2024-10-07 02:55:39, 21, 25000
2024-10-07 04:41:55, 21, 25000
2024-10-07 06:43:32, 21, 25000
2024-10-07 08:42:42, 21, 25000
2024-10-07 10:42:16, 21, 25000
2024-10-07 12:51:11, 21, 25000
2024-10-07 14:41:33, 21, 25000
2024-10-07 16:42:48, 21, 25000
2024-10-07 18:42:49, 21, 25000
2024-10-07 20:40:59, 21, 25000
2024-10-07 22:41:26, 21, 25000
2024-10-08 00:58:06, 21, 25000
2024-10-08 02:55:39, 21, 25000
2024-10-08 04:41:41, 21, 25000
2024-10-08 06:43:07, 21, 25000
2024-10-08 08:42:34, 21, 25000
2024-10-08 10:41:39, 21, 25000
2024-10-08 12:49:43, 21, 25000
2024-10-08 14:41:33, 21, 25000
2024-10-08 16:43:23, 21, 25000
2024-10-08 18:42:06, 21, 25000
2024-10-08 20:40:15, 21, 25000
2024-10-08 22:41:05, 21, 25000
2024-10-09 00:58:03, 21, 25000
2024-10-09 02:53:59, 21, 25000
2024-10-09 04:41:36, 21, 25000
2024-10-09 06:43:32, 21, 25000
2024-10-09 08:42:24, 21, 25000
2024-10-09 10:41:58, 21, 25000
2024-10-09 12:50:15, 21, 25000
2024-10-09 14:41:22, 21, 25000
2024-10-09 16:42:40, 21, 25000
2024-10-09 18:42:41, 21, 25000
2024-10-09 20:40:44, 21, 25000
2024-10-09 22:40:55, 21, 25000
2024-10-10 00:58:05, 21, 25000
2024-10-10 02:54:02, 21, 25000
2024-10-10 04:41:41, 21, 25000
2024-10-10 06:43:13, 21, 25000
2024-10-10 08:42:21, 21, 25000
2024-10-10 10:41:38, 21, 25000
2024-10-10 12:50:17, 21, 25000
2024-10-10 14:41:12, 21, 25000
2024-10-10 16:41:59, 21, 25000
2024-10-10 18:42:52, 21, 25000
2024-10-10 20:40:52, 21, 25000
2024-10-10 22:41:12, 21, 25000
2024-10-11 00:58:02, 21, 25000
2024-10-11 02:53:30, 21, 25000
2024-10-11 04:41:48, 21, 25000
2024-10-11 06:43:08, 21, 25000
2024-10-11 08:42:01, 21, 25000
2024-10-11 10:41:18, 21, 25000
2024-10-11 12:49:51, 21, 25000
2024-10-11 14:41:01, 21, 25000
2024-10-11 16:42:30, 21, 25000
2024-10-11 18:42:34, 21, 25000
2024-10-11 20:40:35, 21, 25000
2024-10-11 22:41:35, 21, 25000
2024-10-12 00:57:58, 21, 25000
2024-10-12 02:51:42, 21, 25000
2024-10-12 04:42:01, 21, 25000
2024-10-12 06:42:01, 21, 25000
2024-10-12 08:41:21, 21, 25000
2024-10-12 10:40:41, 21, 25000
2024-10-12 12:48:24, 21, 25000
2024-10-12 14:40:17, 21, 25000
2024-10-12 16:42:38, 21, 25000
2024-10-12 18:41:37, 21, 25000
2024-10-12 20:40:25, 21, 25000
2024-10-12 22:40:40, 21, 25000
2024-10-13 00:58:16, 21, 25000
2024-10-13 02:55:54, 21, 25000
2024-10-13 04:41:55, 21, 25000
2024-10-13 06:42:20, 21, 25000
2024-10-13 08:41:20, 21, 25000
2024-10-13 10:40:46, 21, 25000
2024-10-13 12:49:04, 21, 25000
2024-10-13 14:39:55, 21, 25000
2024-10-13 16:41:49, 21, 25000
2024-10-13 18:41:41, 21, 25000
2024-10-13 20:40:14, 21, 25000
2024-10-13 22:40:34, 21, 25000
2024-10-14 00:58:11, 21, 25000
2024-10-14 02:55:48, 21, 25000
2024-10-14 04:42:03, 21, 25000
2024-10-14 06:44:00, 21, 25000
2024-10-14 08:42:40, 21, 25000
2024-10-14 10:42:20, 21, 25000
2024-10-14 12:50:49, 21, 25000
2024-10-14 14:41:30, 21, 25000
2024-10-14 16:43:03, 21, 25000
2024-10-14 18:42:43, 21, 25000
2024-10-14 20:40:41, 21, 25000
2024-10-14 22:41:07, 21, 25000
2024-10-15 00:58:08, 21, 25000
2024-10-15 02:55:00, 21, 25000
2024-10-15 04:41:52, 21, 25000
2024-10-15 06:43:16, 21, 25000
2024-10-15 08:42:43, 21, 25000
2024-10-15 10:42:20, 21, 25000
2024-10-15 12:50:54, 21, 25000
2024-10-15 14:41:18, 21, 25000
2024-10-15 16:42:58, 21, 25000
2024-10-15 18:42:52, 21, 25000
2024-10-15 20:40:51, 21, 25000
2024-10-15 22:40:58, 21, 25000
2024-10-16 00:58:11, 21, 25000
2024-10-16 02:55:35, 21, 25000
2024-10-16 04:41:51, 21, 25000
2024-10-16 06:43:08, 21, 25000
2024-10-16 08:42:37, 21, 25000
2024-10-16 10:41:39, 21, 25000
2024-10-16 12:50:35, 21, 25000
2024-10-16 14:41:32, 21, 25000
2024-10-16 16:42:40, 21, 25000
2024-10-16 18:42:44, 21, 25000
2024-10-16 20:40:47, 21, 25000
2024-10-16 22:41:07, 21, 25000
2024-10-17 00:58:07, 21, 25000
2024-10-17 02:54:11, 21, 25000
2024-10-17 04:42:31, 21, 25000
2024-10-17 06:43:07, 21, 25000
2024-10-17 08:42:30, 21, 25000
2024-10-17 10:41:42, 21, 25000
2024-10-17 12:50:39, 21, 25000
2024-10-17 14:41:01, 21, 25000
2024-10-17 16:43:14, 21, 25000
2024-10-17 18:42:48, 21, 25000
2024-10-17 20:40:50, 21, 25000
2024-10-17 22:41:08, 21, 25000
2024-10-18 00:58:09, 21, 25000
2024-10-18 02:54:58, 21, 25000
2024-10-18 04:42:19, 21, 25000
2024-10-18 06:43:09, 21, 25000
2024-10-18 08:42:22, 21, 25000
2024-10-18 10:42:17, 21, 25000
2024-10-18 12:50:25, 21, 25000
2024-10-18 14:41:08, 21, 25000
2024-10-18 16:42:46, 21, 25000
2024-10-18 18:42:39, 21, 25000
2024-10-18 20:40:39, 21, 25000
2024-10-18 22:40:52, 21, 25000
2024-10-19 00:58:07, 21, 25000
2024-10-19 02:52:52, 21, 25000
2024-10-19 04:41:22, 21, 25000
2024-10-19 06:42:08, 21, 25000
2024-10-19 08:41:26, 21, 25000
2024-10-19 10:40:54, 21, 25000
2024-10-19 12:48:50, 21, 25000
2024-10-19 14:40:18, 21, 25000
2024-10-19 16:42:05, 21, 25000
2024-10-19 18:41:41, 21, 25000
2024-10-19 20:40:59, 21, 25000
2024-10-19 22:41:22, 21, 25000
2024-10-20 00:58:18, 21, 25000
2024-10-20 02:56:24, 21, 25000
2024-10-20 06:42:27, 21, 25000
2024-10-20 08:42:06, 21, 25000
2024-10-20 10:40:58, 21, 25000
2024-10-20 12:49:04, 21, 25000
2024-10-20 14:40:09, 21, 25000
2024-10-20 16:41:44, 21, 25000
2024-10-20 18:41:35, 21, 25000
2024-10-20 20:40:16, 21, 25000
2024-10-20 22:40:45, 21, 25000
2024-10-21 00:58:08, 21, 25000
2024-10-21 02:56:01, 21, 25000
2024-10-21 04:41:48, 21, 25000
2024-10-21 06:44:00, 21, 25000
2024-10-21 08:42:34, 21, 25000
2024-10-21 10:42:47, 21, 25000
2024-10-21 12:50:45, 21, 25000
2024-10-21 14:41:28, 21, 25000
2024-10-21 16:43:46, 21, 25000
2024-10-21 18:42:58, 21, 25000
2024-10-21 20:40:37, 21, 25000
2024-10-21 22:40:59, 21, 25000
2024-10-22 00:58:08, 21, 25000
2024-10-22 02:54:52, 21, 25000
2024-10-22 04:42:26, 21, 25000
2024-10-22 06:43:10, 21, 25000
2024-10-22 08:42:26, 21, 25000
2024-10-22 10:41:44, 21, 25000
2024-10-22 12:50:39, 21, 25000
2024-10-22 14:40:50, 21, 25000
2024-10-22 16:43:15, 21, 25000
2024-10-22 18:42:40, 21, 25000
2024-10-22 20:40:38, 21, 25000
2024-10-22 22:41:02, 21, 25000
2024-10-23 00:58:05, 21, 25000
2024-10-23 02:53:57, 21, 25000
2024-10-23 04:41:43, 21, 25000
2024-10-23 06:43:12, 21, 25000
2024-10-23 08:42:35, 21, 25000
2024-10-23 10:41:34, 21, 25000
2024-10-23 12:50:31, 21, 25000
2024-10-23 14:41:26, 21, 25000
2024-10-23 16:43:38, 21, 25000
2024-10-23 18:42:37, 21, 25000
2024-10-23 20:41:20, 21, 25000
2024-10-23 22:41:05, 21, 25000
2024-10-24 00:58:04, 21, 25000
2024-10-24 02:54:01, 21, 25000
2024-10-24 04:41:54, 21, 25000
2024-10-24 06:43:12, 21, 25000
2024-10-24 08:42:21, 21, 25000
2024-10-24 10:41:36, 21, 25000
2024-10-24 12:50:45, 21, 25000
2024-10-24 14:41:30, 21, 25000
2024-10-24 16:43:27, 21, 25000
2024-10-24 18:42:46, 21, 25000
2024-10-24 20:40:46, 21, 25000
2024-10-24 22:40:50, 21, 25000
2024-10-25 00:58:05, 21, 25000
2024-10-25 02:55:34, 21, 25000
2024-10-25 04:42:27, 21, 25000
2024-10-25 06:43:11, 21, 25000
2024-10-25 08:42:12, 21, 25000
2024-10-25 10:41:36, 21, 25000
2024-10-25 12:50:20, 21, 25000
2024-10-25 14:41:08, 21, 25000
2024-10-25 16:42:43, 21, 25000
2024-10-25 18:42:37, 21, 25000
2024-10-25 20:40:44, 21, 25000
2024-10-25 22:40:52, 21, 25000
2024-10-26 00:58:00, 21, 25000
2024-10-26 02:51:57, 21, 25000
2024-10-26 04:41:37, 21, 25000
2024-10-26 06:42:17, 21, 25000
2024-10-26 08:41:26, 21, 25000
2024-10-26 10:41:27, 21, 25000
2024-10-26 12:48:39, 21, 25000
2024-10-26 14:39:53, 21, 25000
2024-10-26 16:41:36, 21, 25000
2024-10-26 18:41:39, 21, 25000
2024-10-26 20:40:20, 21, 25000
2024-10-26 22:40:35, 21, 25000
2024-10-27 00:58:22, 21, 25000
2024-10-27 02:56:19, 21, 25000
2024-10-27 04:41:45, 21, 25000
2024-10-27 06:42:21, 21, 25000
2024-10-27 08:42:14, 21, 25000
2024-10-27 10:40:47, 21, 25000
2024-10-27 12:48:51, 21, 25000
2024-10-27 14:40:44, 21, 25000
2024-10-27 16:42:23, 21, 25000
2024-10-27 18:41:37, 21, 25000
2024-10-27 20:41:28, 21, 25000
2024-10-27 22:41:14, 21, 25000
2024-10-28 00:58:14, 21, 25000
2024-10-28 02:56:17, 21, 25000
2024-10-28 04:42:08, 21, 25000
2024-10-28 06:43:42, 21, 25000
2024-10-28 08:42:35, 21, 25000
2024-10-28 10:42:22, 21, 25000
2024-10-28 12:51:20, 21, 25000
2024-10-28 14:41:40, 21, 25000
2024-10-28 16:43:43, 21, 25000
2024-10-28 18:43:01, 21, 25000
2024-10-28 20:40:47, 21, 25000
2024-10-28 22:41:03, 21, 25000
2024-10-29 00:58:09, 21, 25000
2024-10-29 02:55:30, 21, 25000
2024-10-29 04:41:52, 21, 25000
2024-10-29 06:43:30, 21, 25000
2024-10-29 08:42:27, 21, 25000
2024-10-29 10:42:03, 21, 25000
2024-10-29 12:51:04, 21, 25000
2024-10-29 14:41:30, 21, 25000
2024-10-29 16:43:25, 21, 25000
2024-10-29 18:43:01, 21, 25000
2024-10-29 20:40:50, 21, 25000
2024-10-29 22:41:06, 21, 25000
2024-10-30 00:58:07, 21, 25000
2024-10-30 02:55:10, 21, 25000
2024-10-30 04:41:54, 21, 25000
2024-10-30 06:43:18, 21, 25000
2024-10-30 08:43:11, 21, 25000
2024-10-30 10:42:03, 21, 25000
2024-10-30 12:50:58, 21, 25000
2024-10-30 14:41:23, 21, 25000
2024-10-30 16:44:08, 21, 25000
2024-10-30 18:42:54, 21, 25000
2024-10-30 20:40:46, 21, 25000
2024-10-30 22:41:07, 21, 25000
2024-10-31 00:58:10, 21, 25000
2024-10-31 02:55:35, 21, 25000
2024-10-31 04:42:14, 21, 25000
2024-10-31 06:43:07, 21, 25000
2024-10-31 08:41:50, 21, 25000
2024-10-31 10:41:48, 21, 25000
2024-10-31 12:50:22, 21, 25000
2024-10-31 14:41:18, 21, 25000
2024-10-31 16:42:54, 21, 25000
2024-10-31 18:42:53, 21, 25000
2024-10-31 20:41:06, 21, 25000
2024-10-31 22:41:06, 21, 25000
2024-11-01 00:58:19, 21, 25000
2024-11-01 02:57:23, 21, 25000
2024-11-01 04:41:58, 21, 25000
2024-11-01 06:43:47, 21, 25000
2024-11-01 08:41:45, 21, 25000
2024-11-01 10:41:48, 21, 25000
2024-11-01 12:49:34, 21, 25000
2024-11-01 14:40:59, 21, 25000
2024-11-01 16:42:19, 21, 25000
2024-11-01 18:42:58, 21, 25000
2024-11-01 20:40:38, 21, 25000
2024-11-01 22:40:55, 21, 25000
2024-11-02 00:58:03, 21, 25000
2024-11-02 02:52:48, 21, 25000
2024-11-02 04:41:41, 21, 25000
2024-11-02 06:42:49, 21, 25000
2024-11-02 08:41:23, 21, 25000
2024-11-02 10:40:47, 21, 25000
2024-11-02 12:48:45, 21, 25000
2024-11-02 14:40:05, 21, 25000
2024-11-02 16:42:52, 21, 25000
2024-11-02 18:41:30, 21, 25000
2024-11-02 20:40:12, 21, 25000
2024-11-03 00:58:18, 21, 25000
2024-11-03 02:56:17, 21, 25000
2024-11-03 04:41:17, 21, 25000
2024-11-03 06:43:06, 21, 25000
2024-11-03 08:40:58, 21, 25000
2024-11-03 10:41:20, 21, 25000
2024-11-03 12:48:21, 21, 25000
2024-11-03 14:40:30, 21, 25000
2024-11-03 16:41:34, 21, 25000
2024-11-03 18:41:53, 21, 25000
2024-11-03 20:40:02, 21, 25000
2024-11-03 22:41:00, 21, 25000
2024-11-04 00:58:11, 21, 25000
2024-11-04 02:56:08, 21, 25000
2024-11-04 04:41:46, 21, 25000
2024-11-04 06:43:51, 21, 25000
2024-11-04 08:42:23, 21, 25000
2024-11-04 10:42:07, 21, 25000
2024-11-04 12:51:03, 21, 25000
2024-11-04 14:41:38, 21, 25000
2024-11-04 16:42:35, 21, 25000
2024-11-04 18:42:15, 21, 25000
2024-11-04 20:40:34, 21, 25000
2024-11-04 22:40:00, 21, 25000
2024-11-05 00:58:07, 21, 25000
2024-11-05 02:52:40, 21, 25000
2024-11-05 04:41:22, 21, 25000
2024-11-05 06:42:41, 21, 25000
2024-11-05 08:41:57, 21, 25000
2024-11-05 10:41:50, 21, 25000
2024-11-05 12:49:16, 21, 25000
2024-11-05 14:41:07, 21, 25000
2024-11-05 16:42:16, 21, 25000
2024-11-05 18:42:26, 21, 25000
2024-11-05 20:40:47, 21, 25000
2024-11-05 22:40:56, 21, 25000
2024-11-06 00:58:01, 21, 25000
2024-11-06 02:52:11, 21, 25000
2024-11-06 04:42:22, 21, 25000
2024-11-06 06:42:47, 21, 25000
2024-11-06 08:42:19, 21, 25000
2024-11-06 10:41:37, 21, 25000
2024-11-06 12:50:06, 21, 25000
2024-11-06 14:40:59, 21, 25000
2024-11-06 16:42:51, 21, 25000
2024-11-06 18:42:26, 21, 25000
2024-11-06 20:40:28, 21, 25000
2024-11-06 22:41:01, 21, 25000
2024-11-07 00:58:03, 21, 25000
2024-11-07 02:53:09, 21, 25000
2024-11-07 04:41:54, 21, 25000
2024-11-07 06:42:41, 21, 25000
2024-11-07 08:42:10, 21, 25000
2024-11-07 10:41:13, 21, 25000
2024-11-07 12:49:35, 21, 25000
2024-11-07 14:40:41, 21, 25000
2024-11-07 16:42:50, 21, 25000
2024-11-07 18:42:07, 21, 25000
2024-11-07 20:40:22, 21, 25000
2024-11-07 22:40:50, 21, 25000
2024-11-08 00:58:05, 21, 25000
2024-11-08 02:53:06, 21, 25000
2024-11-08 04:41:21, 21, 25000
2024-11-08 06:42:54, 21, 25000
2024-11-08 08:41:36, 21, 25000
2024-11-08 10:41:16, 21, 25000
2024-11-08 12:49:35, 21, 25000
2024-11-08 14:40:51, 21, 25000
2024-11-08 16:42:36, 21, 25000
2024-11-08 18:42:18, 21, 25000
2024-11-08 20:40:17, 21, 25000
2024-11-08 22:40:40, 21, 25000
2024-11-09 00:58:01, 21, 25000
2024-11-09 02:50:36, 21, 25000
2024-11-09 04:41:10, 21, 25000
2024-11-09 06:41:59, 21, 25000
2024-11-09 08:41:01, 21, 25000
2024-11-09 10:40:17, 21, 25000
2024-11-09 12:47:51, 21, 25000
2024-11-09 14:39:45, 21, 25000
2024-11-09 16:41:41, 21, 25000
2024-11-09 18:41:16, 21, 25000
2024-11-09 20:39:38, 21, 25000
2024-11-09 22:39:47, 21, 25000
2024-11-10 00:58:16, 21, 25000
2024-11-10 02:54:36, 21, 25000
2024-11-10 04:40:56, 21, 25000
2024-11-10 06:41:49, 21, 25000
2024-11-10 08:40:55, 21, 25000
2024-11-10 10:40:23, 21, 25000
2024-11-10 12:47:48, 21, 25000
2024-11-10 14:39:39, 21, 25000
2024-11-10 16:41:25, 21, 25000
2024-11-10 18:41:12, 21, 25000
2024-11-10 20:39:45, 21, 25000
2024-11-10 22:40:06, 21, 25000
2024-11-11 00:58:12, 21, 25000
2024-11-11 02:53:46, 21, 25000
2024-11-11 04:41:29, 21, 25000
2024-11-11 06:42:53, 21, 25000
2024-11-11 08:42:30, 21, 25000
2024-11-11 10:41:36, 21, 25000
2024-11-11 12:50:18, 21, 25000
2024-11-11 14:40:58, 21, 25000
2024-11-11 16:42:52, 21, 25000
2024-11-11 18:42:07, 21, 25000
2024-11-11 20:40:26, 21, 25000
2024-11-11 22:40:31, 21, 25000
2024-11-12 00:58:04, 21, 25000
2024-11-12 02:51:36, 21, 25000
2024-11-12 04:41:19, 21, 25000
2024-11-12 06:42:46, 21, 25000
2024-11-12 08:42:07, 21, 25000
2024-11-12 10:41:33, 21, 25000
2024-11-12 12:50:29, 21, 25000
2024-11-12 14:41:11, 21, 25000
2024-11-12 16:42:59, 21, 25000
2024-11-12 18:42:12, 21, 25000
2024-11-12 20:40:36, 21, 25000
2024-11-12 22:40:42, 21, 25000
2024-11-13 00:58:06, 21, 25000
2024-11-13 02:53:17, 21, 25000
2024-11-13 04:41:38, 21, 25000
2024-11-13 06:42:48, 21, 25000
2024-11-13 08:42:11, 21, 25000
2024-11-13 10:41:36, 21, 25000
2024-11-13 12:50:16, 21, 25000
2024-11-13 14:41:09, 21, 25000
2024-11-13 16:42:42, 21, 25000
2024-11-13 18:42:32, 21, 25000
2024-11-13 20:40:31, 21, 25000
2024-11-13 22:40:58, 21, 25000
2024-11-14 00:58:04, 21, 25000
2024-11-14 02:53:40, 21, 25000
2024-11-14 04:41:57, 21, 25000
2024-11-14 06:43:20, 21, 25000
2024-11-14 08:42:18, 21, 25000
2024-11-14 10:42:06, 21, 25000
2024-11-14 12:51:18, 21, 25000
2024-11-14 14:41:28, 21, 25000
2024-11-14 16:43:24, 21, 25000
2024-11-14 18:43:06, 21, 25000
2024-11-14 20:40:57, 21, 25000
2024-11-14 22:42:11, 21, 25000
2024-11-15 00:58:17, 21, 25000
2024-11-15 02:56:46, 21, 25000
2024-11-15 04:42:41, 21, 25000
2024-11-15 06:44:44, 21, 25000
2024-11-15 08:42:24, 21, 25000
2024-11-15 10:42:18, 21, 25000
2024-11-15 12:50:55, 21, 25000
2024-11-15 14:41:37, 21, 25000
2024-11-15 16:43:31, 21, 25000
2024-11-15 18:43:08, 21, 25000
2024-11-15 20:40:52, 21, 25000
2024-11-15 22:41:56, 21, 25000
2024-11-16 00:58:18, 21, 25000
2024-11-16 02:56:03, 21, 25000
2024-11-16 04:42:50, 21, 25000
2024-11-16 06:42:48, 21, 25000
2024-11-16 08:41:53, 21, 25000
2024-11-16 10:41:08, 21, 25000
2024-11-16 12:49:22, 21, 25000
2024-11-16 14:40:32, 21, 25000
2024-11-16 16:42:49, 21, 25000
2024-11-16 18:41:58, 21, 25000
2024-11-16 20:40:51, 21, 25000
2024-11-16 22:40:48, 21, 25000
2024-11-17 00:58:31, 21, 25000
2024-11-17 02:57:37, 21, 25000
2024-11-17 04:41:47, 21, 25000
2024-11-17 06:43:03, 21, 25000
2024-11-17 08:41:55, 21, 25000
2024-11-17 10:41:19, 21, 25000
2024-11-17 12:49:07, 21, 25000
2024-11-17 14:40:23, 21, 25000
2024-11-17 16:42:09, 21, 25000
2024-11-17 18:42:10, 21, 25000
2024-11-17 20:40:51, 21, 25000
2024-11-17 22:41:05, 21, 25000
2024-11-18 00:58:21, 21, 25000
2024-11-18 02:57:27, 21, 25000
2024-11-18 04:42:41, 21, 25000
2024-11-18 06:44:12, 21, 25000
2024-11-18 08:43:18, 21, 25000
2024-11-18 10:43:08, 21, 25000
2024-11-18 12:52:28, 21, 25000
2024-11-18 14:42:01, 21, 25000
2024-11-18 16:44:03, 21, 25000
2024-11-18 18:43:24, 21, 25000
2024-11-18 20:41:30, 21, 25000
2024-11-18 22:41:25, 21, 25000
2024-11-19 00:58:19, 21, 25000
2024-11-19 02:56:39, 21, 25000
2024-11-19 04:42:21, 21, 25000
2024-11-19 06:43:39, 21, 25000
2024-11-19 08:43:03, 21, 25000
2024-11-19 10:42:43, 21, 25000
2024-11-19 12:51:57, 21, 25000
2024-11-19 14:42:09, 21, 25000
2024-11-19 16:43:30, 21, 25000
2024-11-19 18:43:19, 21, 25000
2024-11-19 20:41:07, 21, 25000
2024-11-19 22:41:22, 21, 25000
2024-11-20 00:58:14, 21, 25000
2024-11-20 02:56:24, 21, 25000
2024-11-20 04:42:32, 21, 25000
2024-11-20 06:43:39, 21, 25000
2024-11-20 08:43:11, 21, 25000
2024-11-20 10:42:34, 21, 25000
2024-11-20 12:51:49, 21, 25000
2024-11-20 14:41:43, 21, 25000
2024-11-20 16:44:05, 21, 25000
2024-11-20 18:43:17, 21, 25000
2024-11-20 20:41:08, 21, 25000
2024-11-20 22:41:23, 21, 25000
2024-11-21 00:58:17, 21, 25000
2024-11-21 02:56:27, 21, 25000
2024-11-21 04:42:33, 21, 25000
2024-11-21 06:43:49, 21, 25000
2024-11-21 08:42:55, 21, 25000
2024-11-21 10:42:28, 21, 25000
2024-11-21 12:51:53, 21, 25000
2024-11-21 14:41:54, 21, 25000
2024-11-21 16:43:42, 21, 25000
2024-11-21 18:43:17, 21, 25000
2024-11-21 20:41:06, 21, 25000
2024-11-21 22:41:28, 21, 25000
2024-11-22 00:58:17, 21, 25000
2024-11-22 02:56:43, 21, 25000
2024-11-22 04:42:26, 21, 25000
2024-11-22 06:43:30, 21, 25000
2024-11-22 08:42:56, 21, 25000
2024-11-22 10:42:33, 21, 25000
2024-11-22 12:51:20, 21, 25000
2024-11-22 14:41:29, 21, 25000
2024-11-22 16:43:18, 21, 25000
2024-11-22 18:44:02, 21, 25000
2024-11-22 20:41:58, 21, 25000
2024-11-22 22:41:23, 21, 25000
2024-11-23 00:58:59, 21, 25000
2024-11-23 02:56:22, 21, 25000
2024-11-23 04:41:52, 21, 25000
2024-11-23 06:43:33, 21, 25000
2024-11-23 08:42:33, 21, 25000
2024-11-23 10:42:10, 21, 25000
2024-11-23 12:50:10, 21, 25000
2024-11-23 14:41:33, 21, 25000
2024-11-23 16:42:33, 21, 25000
2024-11-23 18:41:57, 21, 25000
2024-11-23 20:40:30, 21, 25000
2024-11-23 22:40:55, 21, 25000
2024-11-24 00:58:25, 21, 25000
2024-11-24 02:58:41, 21, 25000
2024-11-24 06:43:48, 21, 25000
2024-11-24 08:41:42, 21, 25000
2024-11-24 10:42:00, 21, 25000
2024-11-24 12:49:20, 21, 25000
2024-11-24 14:41:32, 21, 25000
2024-11-24 16:42:08, 21, 25000
2024-11-24 18:43:12, 21, 25000
2024-11-24 20:40:29, 21, 25000
2024-11-24 22:41:02, 21, 25000
2024-11-25 00:58:21, 21, 25000
2024-11-25 02:57:21, 21, 25000
2024-11-25 04:42:40, 21, 25000
2024-11-25 06:44:17, 21, 25000
2024-11-25 08:43:27, 21, 25000
2024-11-25 10:42:47, 21, 25000
2024-11-25 12:52:13, 21, 25000
2024-11-25 14:41:59, 21, 25000
2024-11-25 16:43:54, 21, 25000
2024-11-25 18:43:22, 21, 25000
2024-11-25 20:41:12, 21, 25000
2024-11-25 22:41:13, 21, 25000
2024-11-26 00:58:21, 21, 25000
2024-11-26 02:57:01, 21, 25000
2024-11-26 04:42:23, 21, 25000
2024-11-26 06:43:53, 21, 25000
2024-11-26 08:43:15, 21, 25000
2024-11-26 10:42:53, 21, 25000
2024-11-26 12:52:28, 21, 25000
2024-11-26 14:42:13, 21, 25000
2024-11-26 16:44:25, 21, 25000
2024-11-26 18:43:27, 21, 25000
2024-11-26 20:41:21, 21, 25000
2024-11-26 22:41:51, 21, 25000
2024-11-27 00:58:21, 21, 25000
2024-11-27 02:57:39, 21, 25000
2024-11-27 04:42:54, 21, 25000
2024-11-27 06:44:14, 21, 25000
2024-11-27 08:43:38, 21, 25000
2024-11-27 10:42:49, 21, 25000
2024-11-27 12:52:28, 21, 25000
2024-11-27 14:42:06, 21, 25000
2024-11-27 16:44:12, 21, 25000
2024-11-27 18:43:36, 21, 25000
2024-11-27 20:41:26, 21, 25000
2024-11-27 22:41:34, 21, 25000
2024-11-28 00:58:17, 21, 25000
2024-11-28 02:57:35, 21, 25000
2024-11-28 04:42:48, 21, 25000
2024-11-28 06:44:20, 21, 25000
2024-11-28 08:43:25, 21, 25000
2024-11-28 10:42:52, 21, 25000
2024-11-28 12:52:41, 21, 25000
2024-11-28 14:41:46, 21, 25000
2024-11-28 16:43:20, 21, 25000
2024-11-28 18:43:14, 21, 25000
2024-11-28 20:41:03, 21, 25000
2024-11-28 22:41:25, 21, 25000
2024-11-29 00:58:21, 21, 25000
2024-11-29 02:57:32, 21, 25000
2024-11-29 04:42:41, 21, 25000
2024-11-29 06:44:11, 21, 25000
2024-11-29 08:43:10, 21, 25000
2024-11-29 10:42:46, 21, 25000
2024-11-29 12:52:12, 21, 25000
2024-11-29 14:41:41, 21, 25000
2024-11-29 18:43:09, 21, 25000
2024-11-29 20:40:57, 21, 25000
2024-11-29 22:41:25, 21, 25000
2024-11-30 00:58:13, 21, 25000
2024-11-30 02:56:12, 21, 25000
2024-11-30 04:41:58, 21, 25000
2024-11-30 06:42:53, 21, 25000
2024-11-30 08:41:55, 21, 25000
2024-11-30 10:41:12, 21, 25000
2024-11-30 12:49:49, 21, 25000
2024-11-30 14:40:44, 21, 25000
2024-11-30 16:43:04, 21, 25000
2024-11-30 18:42:29, 21, 25000
2024-11-30 20:40:42, 21, 25000
2024-11-30 22:41:08, 21, 25000
2024-12-01 00:58:54, 21, 25000
2024-12-01 03:06:44, 21, 25000
2024-12-01 04:42:50, 21, 25000
2024-12-01 06:43:51, 21, 25000
2024-12-01 08:42:11, 21, 25000
2024-12-01 10:41:48, 21, 25000
2024-12-01 12:50:33, 21, 25000
2024-12-01 14:40:53, 21, 25000
2024-12-01 16:42:36, 21, 25000
2024-12-01 18:42:41, 21, 25000
2024-12-01 20:40:45, 21, 25000
2024-12-01 22:41:19, 21, 25000
2025-02-05 21:48:45, 21, 25000
2025-02-05 22:40:32, 21, 25000
2025-02-06 00:57:11, 21, 25000
2025-02-06 02:52:47, 21, 25000
2025-02-06 04:41:17, 21, 25000
2025-02-06 06:42:36, 21, 25000
2025-02-06 08:41:19, 21, 25000
2025-02-06 10:40:51, 21, 25000
2025-02-06 12:49:59, 21, 25000
2025-02-06 14:40:11, 21, 25000
2025-02-06 16:41:48, 21, 25000
2025-02-06 18:42:06, 21, 25000
2025-02-06 20:39:57, 21, 25000
2025-02-06 22:40:12, 21, 25000
2025-02-07 00:57:16, 21, 25000
2025-02-07 02:53:23, 21, 25000
2025-02-07 04:41:31, 21, 25000
2025-02-07 06:42:18, 21, 25000
2025-02-07 08:41:13, 21, 25000
2025-02-07 10:40:51, 21, 25000
2025-02-07 12:49:06, 21, 25000
2025-02-07 14:40:13, 21, 25000
2025-02-07 16:42:41, 21, 25000
2025-02-07 18:41:54, 21, 25000
2025-02-07 20:39:53, 21, 25000
2025-02-07 22:39:54, 21, 25000
2025-02-08 00:57:05, 21, 25000
2025-02-08 02:50:16, 21, 25000
2025-02-08 04:40:12, 21, 25000
2025-02-08 06:40:50, 21, 25000
2025-02-08 08:40:35, 21, 25000
2025-02-08 10:39:46, 21, 25000
2025-02-08 12:47:24, 21, 25000
2025-02-08 14:38:57, 21, 25000
2025-02-08 16:40:19, 21, 25000
2025-02-08 18:40:28, 21, 25000
2025-02-08 20:39:13, 21, 25000
2025-02-08 22:39:08, 21, 25000
2025-02-09 00:57:19, 21, 25000
2025-02-09 02:53:49, 21, 25000
2025-02-09 04:40:00, 21, 25000
2025-02-09 06:41:13, 21, 25000
2025-02-09 08:40:18, 21, 25000
2025-02-09 10:39:39, 21, 25000
2025-02-09 12:47:00, 21, 25000
2025-02-09 14:39:05, 21, 25000
2025-02-09 16:40:16, 21, 25000
2025-02-09 18:40:30, 21, 25000
2025-02-09 20:40:02, 21, 25000
2025-02-09 22:39:33, 21, 25000
2025-02-10 00:57:17, 21, 25000
2025-02-10 02:53:26, 21, 25000
2025-02-10 04:41:34, 21, 25000
2025-02-10 06:42:35, 21, 25000
2025-02-10 08:41:33, 21, 25000
2025-02-10 10:41:09, 21, 25000
2025-02-10 12:50:03, 21, 25000
2025-02-10 14:40:04, 21, 25000
2025-02-10 16:41:42, 21, 25000
2025-02-10 18:41:33, 21, 25000
2025-02-10 20:40:34, 21, 25000
2025-02-10 22:39:45, 21, 25000
2025-02-11 00:57:12, 21, 25000
2025-02-11 02:53:00, 21, 25000
2025-02-11 04:40:32, 21, 25000
2025-02-11 06:42:08, 21, 25000
2025-02-11 08:41:17, 21, 25000
2025-02-11 10:41:01, 21, 25000
2025-02-11 12:50:13, 21, 25000
2025-02-11 14:40:39, 21, 25000
2025-02-11 16:42:49, 21, 25000
2025-02-11 18:41:47, 21, 25000
2025-02-11 20:39:46, 21, 25000
2025-02-12 00:57:13, 21, 25000
2025-02-12 02:52:35, 21, 25000
2025-02-12 04:40:52, 21, 25000
2025-02-12 06:42:09, 21, 25000
2025-02-12 08:41:24, 21, 25000
2025-02-12 10:40:33, 21, 25000
2025-02-12 12:49:46, 21, 25000
2025-02-12 14:40:36, 21, 25000
2025-02-12 16:41:55, 21, 25000
2025-02-12 18:42:17, 21, 25000
2025-02-12 20:40:08, 21, 25000
2025-02-12 22:40:00, 21, 25000
2025-02-13 00:57:11, 21, 25000
2025-02-13 02:52:55, 21, 25000
2025-02-13 04:41:06, 21, 25000
2025-02-13 06:42:07, 21, 25000
2025-02-13 08:41:25, 21, 25000
2025-02-13 10:41:02, 21, 25000
2025-02-13 12:49:55, 21, 25000
2025-02-13 14:40:29, 21, 25000
2025-02-13 16:42:19, 21, 25000
2025-02-13 18:42:18, 21, 25000
2025-02-13 20:39:54, 21, 25000
2025-02-14 00:57:14, 21, 25000
2025-02-14 02:52:38, 21, 25000
2025-02-14 04:40:50, 21, 25000
2025-02-14 06:41:58, 21, 25000
2025-02-14 08:41:02, 21, 25000
2025-02-14 10:40:23, 21, 25000
2025-02-14 12:49:24, 21, 25000
2025-02-14 14:40:19, 21, 25000
2025-02-14 16:41:55, 21, 25000
2025-02-14 18:41:46, 21, 25000
2025-02-14 20:39:47, 21, 25000
2025-02-14 22:39:56, 21, 25000
2025-02-15 00:57:08, 21, 25000
2025-02-15 02:51:40, 21, 25000
2025-02-15 04:41:26, 21, 25000
2025-02-15 06:42:26, 21, 25000
2025-02-15 08:40:19, 21, 25000
2025-02-15 10:39:46, 21, 25000
2025-02-15 12:47:21, 21, 25000
2025-02-15 14:38:53, 21, 25000
2025-02-15 16:41:20, 21, 25000
2025-02-15 18:40:29, 21, 25000
2025-02-15 20:38:53, 21, 25000
2025-02-15 22:39:47, 21, 25000
2025-02-16 00:57:27, 21, 25000
2025-02-16 02:54:53, 21, 25000
2025-02-16 04:40:22, 21, 25000
2025-02-16 06:41:08, 21, 25000
2025-02-16 08:40:27, 21, 25000
2025-02-16 10:39:36, 21, 25000
2025-02-16 12:48:22, 21, 25000
2025-02-16 14:39:01, 21, 25000
2025-02-16 16:40:49, 21, 25000
2025-02-16 18:40:43, 21, 25000
2025-02-16 20:39:17, 21, 25000
2025-02-16 22:39:36, 21, 25000
2025-02-17 00:57:20, 21, 25000
2025-02-17 02:54:36, 21, 25000
2025-02-17 04:40:54, 21, 25000
2025-02-17 06:42:31, 21, 25000
2025-02-17 08:41:56, 21, 25000
2025-02-17 10:41:22, 21, 25000
2025-02-17 12:50:39, 21, 25000
2025-02-17 14:40:40, 21, 25000
2025-02-17 16:41:26, 21, 25000
2025-02-17 18:41:41, 21, 25000
2025-02-17 20:39:56, 21, 25000
2025-02-17 22:39:45, 21, 25000
2025-02-18 00:57:14, 21, 25000
2025-02-18 02:52:11, 21, 25000
2025-02-18 04:40:37, 21, 25000
2025-02-18 06:42:20, 21, 25000
2025-02-18 08:41:37, 21, 25000
2025-02-18 10:40:51, 21, 25000
2025-02-18 12:49:26, 21, 25000
2025-02-18 14:40:38, 21, 25000
2025-02-18 16:42:45, 21, 25000
2025-02-18 18:42:38, 21, 25000
2025-02-18 20:40:16, 21, 25000
2025-02-18 22:40:08, 21, 25000
2025-02-19 00:57:14, 21, 25000
2025-02-19 02:53:17, 21, 25000
2025-02-19 04:41:42, 21, 25000
2025-02-19 06:42:16, 21, 25000
2025-02-19 08:41:55, 21, 25000
2025-02-19 10:40:57, 21, 25000
2025-02-19 12:49:09, 21, 25000
2025-02-19 14:40:39, 21, 25000
2025-02-19 16:42:09, 21, 25000
2025-02-19 18:42:12, 21, 25000
2025-02-19 20:40:01, 21, 25000
2025-02-19 22:40:13, 21, 25000
2025-02-20 00:57:14, 21, 25000
2025-02-20 02:53:20, 21, 25000
2025-02-20 04:40:48, 21, 25000
2025-02-20 06:42:16, 21, 25000
2025-02-20 08:41:40, 21, 25000
2025-02-20 10:41:04, 21, 25000
2025-02-20 12:50:25, 21, 25000
2025-02-20 14:40:45, 21, 25000
2025-02-20 16:42:47, 21, 25000
2025-02-20 18:42:19, 21, 25000
2025-02-20 20:40:05, 21, 25000
2025-02-20 22:40:06, 21, 25000
2025-02-21 00:57:19, 21, 25000
2025-02-21 02:53:43, 21, 25000
2025-02-21 04:42:34, 21, 25000
2025-02-21 06:42:15, 21, 25000
2025-02-21 08:41:15, 21, 25000
2025-02-21 10:40:48, 21, 25000
2025-02-21 12:49:52, 21, 25000
2025-02-21 14:40:17, 21, 25000
2025-02-21 16:41:22, 21, 25000
2025-02-21 18:41:52, 21, 25000
2025-02-21 20:39:41, 21, 25000
2025-02-21 22:39:57, 21, 25000
2025-02-26 00:57:17, 21, 25000
2025-02-26 02:54:41, 21, 25000
2025-02-26 04:42:01, 21, 25000
2025-02-26 08:42:03, 21, 25000
2025-02-26 10:41:11, 21, 25000
2025-02-26 12:50:45, 21, 25000
2025-02-26 14:41:02, 21, 25000
2025-02-26 16:42:45, 21, 25000
2025-02-26 18:42:34, 21, 25000
2025-02-26 20:40:10, 21, 25000
2025-02-26 22:40:22, 21, 25000
2025-02-27 00:57:15, 21, 25000
2025-02-27 02:54:52, 21, 25000
2025-02-27 04:41:27, 21, 25000
2025-02-27 06:42:42, 21, 25000
2025-02-27 08:41:43, 21, 25000
2025-02-27 10:41:43, 21, 25000
2025-02-27 12:50:50, 21, 25000
2025-02-27 14:40:57, 21, 25000
2025-02-27 16:42:56, 21, 25000
2025-02-27 18:42:43, 21, 25000
2025-02-27 20:40:19, 21, 25000
2025-02-27 22:40:38, 21, 25000
2025-02-28 00:57:14, 21, 25000
2025-02-28 02:55:02, 21, 25000
2025-02-28 04:41:23, 21, 25000
2025-02-28 06:42:42, 21, 25000
2025-02-28 10:41:03, 21, 25000
2025-02-28 12:50:13, 21, 25000
2025-02-28 14:40:35, 21, 25000
2025-02-28 16:42:17, 21, 25000
2025-02-28 18:42:34, 21, 25000
2025-02-28 20:40:21, 21, 25000
2025-02-28 22:40:23, 21, 25000
2025-03-01 00:57:30, 21, 25000
2025-03-01 02:55:52, 21, 25000
2025-03-01 04:40:41, 21, 25000
2025-03-01 06:42:07, 21, 25000
2025-03-01 08:40:57, 21, 25000
2025-03-01 10:40:07, 21, 25000
2025-03-01 12:48:12, 21, 25000
2025-03-01 14:39:46, 21, 25000
2025-03-01 16:40:50, 21, 25000
2025-03-01 18:41:11, 21, 25000
2025-03-01 20:39:44, 21, 25000
2025-03-01 22:39:53, 21, 25000
2025-03-02 00:57:28, 21, 25000
2025-03-02 02:55:36, 21, 25000
2025-03-02 04:40:27, 21, 25000
2025-03-02 06:41:53, 21, 25000
2025-03-02 08:40:42, 21, 25000
2025-03-02 10:40:05, 21, 25000
2025-03-02 12:47:46, 21, 25000
2025-03-02 14:39:42, 21, 25000
2025-03-02 16:41:05, 21, 25000
2025-03-02 18:42:02, 21, 25000
2025-03-02 20:39:55, 21, 25000
2025-03-02 22:39:58, 21, 25000
2025-03-03 00:57:23, 21, 25000
2025-03-03 02:55:29, 21, 25000
2025-03-03 04:41:35, 21, 25000
2025-03-03 06:43:24, 21, 25000
2025-03-03 08:41:45, 21, 25000
2025-03-03 10:41:47, 21, 25000
2025-03-03 12:51:02, 21, 25000
2025-03-03 14:41:00, 21, 25000
2025-03-03 16:42:29, 21, 25000
2025-03-03 18:43:07, 21, 25000
2025-03-03 20:41:05, 21, 25000
2025-03-03 22:40:29, 21, 25000
2025-03-04 00:57:20, 21, 25000
2025-03-04 02:55:21, 21, 25000
2025-03-04 04:41:50, 21, 25000
2025-03-04 06:42:57, 21, 25000
2025-03-04 08:42:08, 21, 25000
2025-03-04 10:41:48, 21, 25000
2025-03-04 12:50:58, 21, 25000
2025-03-04 14:40:51, 21, 25000
2025-03-04 16:43:21, 21, 25000
2025-03-04 18:43:12, 21, 25000
2025-03-04 20:40:11, 21, 25000
2025-03-04 22:40:07, 21, 25000
2025-03-05 00:57:23, 21, 25000
2025-03-05 02:55:09, 21, 25000
2025-03-05 04:41:15, 21, 25000
2025-03-05 06:42:58, 21, 25000
2025-03-05 08:42:09, 21, 25000
2025-03-05 10:41:30, 21, 25000
2025-03-05 12:51:02, 21, 25000
2025-03-05 14:41:08, 21, 25000
2025-03-05 16:45:42, 21, 25000
2025-03-05 18:43:10, 21, 25000
2025-03-05 20:40:29, 21, 25000
2025-03-05 22:40:33, 21, 25000
2025-03-06 00:57:17, 21, 25000
2025-03-06 02:55:28, 21, 25000
2025-03-06 04:41:40, 21, 25000
2025-03-06 06:42:54, 21, 25000
2025-03-06 08:42:06, 21, 25000
2025-03-06 10:41:56, 21, 25000
2025-03-06 12:51:07, 21, 25000
2025-03-06 14:41:09, 21, 25000
2025-03-06 16:42:44, 21, 25000
2025-03-06 18:42:33, 21, 25000
2025-03-06 20:40:16, 21, 25000
2025-03-06 22:40:29, 21, 25000
2025-03-07 00:57:22, 21, 25000
2025-03-07 02:55:37, 21, 25000
2025-03-07 04:41:17, 21, 25000
2025-03-07 06:42:51, 21, 25000
2025-03-07 08:42:02, 21, 25000
2025-03-07 10:41:32, 21, 25000
2025-03-07 12:50:34, 21, 25000
2025-03-07 14:40:39, 21, 25000
2025-03-07 16:42:25, 21, 25000
2025-03-07 18:42:30, 21, 25000
2025-03-07 20:39:14, 21, 25000
2025-03-07 22:39:04, 21, 25000
2025-03-08 00:56:33, 21, 25000
2025-03-08 02:42:43, 21, 25000
2025-03-08 04:38:52, 21, 25000
2025-03-08 06:40:08, 21, 25000
2025-03-08 08:39:20, 21, 25000
2025-03-08 10:39:09, 21, 25000
2025-03-08 12:44:59, 21, 25000
2025-03-08 14:39:13, 21, 25000
2025-03-08 16:38:55, 21, 25000
2025-03-08 18:39:13, 21, 25000
2025-03-08 20:39:13, 21, 25000
2025-03-08 22:39:04, 21, 25000
2025-03-09 00:56:54, 21, 25000
2025-03-09 02:44:12, 21, 25000
2025-03-09 04:39:11, 21, 25000
2025-03-09 06:39:23, 21, 25000
2025-03-09 08:38:51, 21, 25000
2025-03-09 10:39:33, 21, 25000
2025-03-09 12:43:32, 21, 25000
2025-03-09 14:39:01, 21, 25000
2025-03-09 16:39:39, 21, 25000
2025-03-09 18:39:30, 21, 25000
2025-03-09 20:39:06, 21, 25000
2025-03-09 22:38:55, 21, 25000
2025-03-10 00:56:53, 21, 25000
2025-03-10 02:44:37, 21, 25000
2025-03-10 04:39:50, 21, 25000
2025-03-10 06:40:21, 21, 25000
2025-03-10 08:39:50, 21, 25000
2025-03-10 10:39:50, 21, 25000
2025-03-10 12:51:53, 21, 25000
2025-03-10 14:41:30, 21, 25000
2025-03-10 16:42:18, 21, 25000
2025-03-10 18:42:28, 21, 25000
2025-03-10 20:40:26, 21, 25000
2025-03-10 22:40:25, 21, 25000
2025-03-11 00:57:17, 21, 25000
2025-03-11 02:55:38, 21, 25000
2025-03-11 04:41:32, 21, 25000
2025-03-11 06:43:23, 21, 25000
2025-03-11 08:42:07, 21, 25000
2025-03-11 10:41:52, 21, 25000
2025-03-11 12:51:54, 21, 25000
2025-03-11 14:41:28, 21, 25000
2025-03-11 16:43:24, 21, 25000
2025-03-11 18:43:18, 21, 25000
2025-03-11 20:40:24, 21, 25000
2025-03-11 22:40:30, 21, 25000
2025-03-12 00:57:20, 21, 25000
2025-03-12 02:55:30, 21, 25000
2025-03-12 04:42:06, 21, 25000
2025-03-12 06:43:58, 21, 25000
2025-03-12 08:42:30, 21, 25000
2025-03-12 10:41:29, 21, 25000
2025-03-12 12:51:48, 21, 25000
2025-03-12 14:41:23, 21, 25000
2025-03-12 16:43:27, 21, 25000
2025-03-12 18:43:19, 21, 25000
2025-03-12 20:40:19, 21, 25000
2025-03-12 22:40:25, 21, 25000
2025-03-13 00:57:21, 21, 25000
2025-03-13 02:55:56, 21, 25000
2025-04-16 04:42:09, 21, 25000
2025-04-16 06:44:18, 21, 25000
2025-04-16 08:43:29, 21, 25000
2025-04-16 10:42:32, 21, 25000
2025-04-16 12:53:13, 21, 25000
2025-04-16 14:41:25, 21, 25000
2025-04-16 16:44:19, 21, 25000
2025-04-16 18:44:03, 21, 25000
2025-04-16 20:40:55, 21, 25000
2025-04-16 22:41:13, 21, 25000
2025-04-17 00:57:28, 21, 25000
2025-04-17 02:58:03, 21, 25000
2025-04-17 04:42:21, 21, 25000
2025-04-17 06:44:05, 21, 25000
2025-04-17 08:42:57, 21, 25000
2025-04-17 10:42:15, 21, 25000
2025-04-17 12:52:50, 21, 25000
2025-04-17 14:41:28, 21, 25000
2025-04-17 16:43:54, 21, 25000
2025-04-17 18:43:27, 21, 25000
2025-04-17 20:40:39, 21, 25000
2025-04-17 22:40:36, 21, 25000
2025-04-18 00:57:25, 21, 25000
2025-04-18 02:56:53, 21, 25000
2025-04-18 04:42:21, 21, 25000
2025-04-18 06:43:50, 21, 25000
2025-04-18 08:42:18, 21, 25000
2025-04-18 10:42:47, 21, 25000
2025-04-18 12:51:30, 21, 25000
2025-04-18 14:40:38, 21, 25000
2025-04-18 16:42:13, 21, 25000
2025-04-18 18:42:53, 21, 25000
2025-04-18 20:40:21, 21, 25000
2025-04-18 22:41:04, 21, 25000
2025-04-19 00:57:17, 21, 25000
2025-04-19 02:55:56, 21, 25000
2025-04-19 04:41:41, 21, 25000
2025-04-19 06:43:06, 21, 25000
2025-04-19 08:41:19, 21, 25000
2025-04-19 10:40:30, 21, 25000
2025-04-19 12:49:29, 21, 25000
2025-04-19 14:39:57, 21, 25000
2025-04-19 16:42:13, 21, 25000
2025-04-19 18:41:45, 21, 25000
2025-04-19 20:40:20, 21, 25000
2025-04-19 22:40:14, 21, 25000
2025-04-20 00:57:41, 21, 25000
2025-04-20 03:01:23, 21, 25000
2025-04-20 04:41:26, 21, 25000
2025-04-20 06:42:52, 21, 25000
2025-04-20 08:40:59, 21, 25000
2025-04-20 10:41:29, 21, 25000
2025-04-20 12:49:46, 21, 25000
2025-04-20 14:40:43, 21, 25000
2025-04-20 16:42:07, 21, 25000
2025-04-20 18:42:42, 21, 25000
2025-04-20 20:40:38, 21, 25000
2025-04-20 22:40:48, 21, 25000
2025-04-21 00:57:34, 21, 25000
2025-04-21 03:02:23, 21, 25000
2025-04-21 04:42:26, 21, 25000
2025-04-21 08:43:08, 21, 25000
2025-04-21 10:43:17, 21, 25000
2025-04-21 12:52:17, 21, 25000
2025-04-21 14:40:53, 21, 25000
2025-04-21 16:44:03, 21, 25000
2025-04-21 18:43:54, 21, 25000
2025-04-21 20:41:05, 21, 25000
2025-04-21 22:40:47, 21, 25000
2025-04-22 00:57:27, 21, 25000
2025-04-22 02:58:01, 21, 25000
2025-04-22 04:42:51, 21, 25000
2025-04-22 06:44:18, 21, 25000
2025-04-22 08:43:05, 21, 25000
2025-04-22 10:42:14, 21, 25000
2025-04-22 12:52:52, 21, 25000
2025-04-22 14:41:55, 21, 25000
2025-04-22 16:43:34, 21, 25000
2025-04-22 18:43:51, 21, 25000
2025-04-22 20:40:52, 21, 25000
2025-04-23 00:57:29, 21, 25000
2025-04-23 02:58:24, 21, 25000
2025-04-23 04:42:52, 21, 25000
2025-04-23 06:44:18, 21, 25000
2025-04-23 08:43:14, 21, 25000
2025-04-23 10:42:44, 21, 25000
2025-04-23 12:53:19, 21, 25000
2025-04-23 14:42:25, 21, 25000
2025-04-23 16:45:24, 21, 25000
2025-04-23 18:44:54, 21, 25000
2025-04-23 20:41:02, 21, 25000
2025-04-23 22:41:22, 21, 25000
2025-04-24 00:57:29, 21, 25000
2025-04-24 02:59:49, 21, 25000
2025-04-24 04:42:24, 21, 25000
2025-04-24 06:44:49, 21, 25000
2025-04-24 08:43:24, 21, 25000
2025-04-24 10:42:32, 21, 25000
2025-04-24 12:53:42, 21, 25000
2025-04-24 14:41:54, 21, 25000
2025-04-24 16:43:52, 21, 25000
2025-04-24 18:43:40, 21, 25000
2025-04-24 20:40:56, 21, 25000
2025-04-24 22:41:31, 21, 25000
2025-04-25 00:57:32, 21, 25000
2025-04-25 02:59:44, 21, 25000
2025-04-25 04:42:23, 21, 25000
2025-04-25 06:44:30, 21, 25000
2025-04-25 08:43:16, 21, 25000
2025-04-25 10:42:13, 21, 25000
2025-04-25 12:53:10, 21, 25000
2025-04-25 14:41:16, 21, 25000
2025-04-25 16:43:24, 21, 25000
2025-04-25 18:43:25, 21, 25000
2025-04-25 20:41:03, 21, 25000
2025-04-25 22:41:59, 21, 25000
2025-04-26 00:57:23, 21, 25000
2025-04-26 02:56:43, 21, 25000
2025-04-26 04:42:09, 21, 25000
2025-04-26 06:42:40, 21, 25000
2025-04-26 08:41:26, 21, 25000
2025-04-26 10:40:42, 21, 25000
2025-04-26 12:50:00, 21, 25000
2025-04-26 14:40:04, 21, 25000
2025-04-26 16:41:47, 21, 25000
2025-04-26 18:42:17, 21, 25000
2025-04-26 20:40:07, 21, 25000
2025-04-26 22:40:44, 21, 25000
2025-04-27 00:57:38, 21, 25000
2025-04-27 03:02:03, 21, 25000
2025-04-27 04:41:36, 21, 25000
2025-04-27 06:42:45, 21, 25000
2025-04-27 08:41:22, 21, 25000
2025-04-27 10:40:49, 21, 25000
2025-04-27 12:50:01, 21, 25000
2025-04-27 14:39:55, 21, 25000
2025-04-27 16:42:31, 21, 25000
2025-04-27 18:42:05, 21, 25000
2025-04-27 20:40:12, 21, 25000
2025-04-27 22:40:26, 21, 25000
2025-04-28 00:57:39, 21, 25000
2025-04-28 03:03:00, 21, 25000
2025-04-28 04:42:44, 21, 25000
2025-04-28 06:48:23, 21, 25000
2025-04-28 08:57:29, 21, 25000
2025-04-28 11:00:30, 21, 25000
2025-04-28 12:55:10, 21, 25000
2025-04-28 14:43:40, 21, 25000
2025-04-28 16:43:05, 21, 25000
2025-04-28 18:44:05, 21, 25000
2025-04-28 20:40:36, 21, 25000
2025-04-28 22:41:03, 21, 25000
2025-04-29 00:57:27, 21, 25000
2025-04-29 03:00:00, 21, 25000
2025-04-29 04:41:43, 21, 25000
2025-04-29 06:44:51, 21, 25000
2025-04-29 08:43:45, 21, 25000
2025-04-29 10:43:06, 21, 25000
2025-04-29 12:54:48, 21, 25000
2025-04-29 14:42:27, 21, 25000
2025-04-29 16:43:29, 21, 25000
2025-04-29 18:43:20, 21, 25000
2025-04-29 20:41:43, 21, 25000
2025-04-29 22:41:03, 21, 25000
2025-04-30 00:57:30, 21, 25000
2025-04-30 03:00:00, 21, 25000
2025-04-30 04:42:34, 21, 25000
2025-04-30 06:44:54, 21, 25000
2025-04-30 08:43:21, 21, 25000
2025-04-30 10:42:16, 21, 25000
2025-04-30 12:52:52, 21, 25000
2025-04-30 14:41:47, 21, 25000
2025-04-30 16:44:08, 21, 25000
2025-04-30 18:44:00, 21, 25000
2025-04-30 20:40:54, 21, 25000
2025-04-30 22:40:59, 21, 25000
2025-05-01 00:57:48, 21, 25000
2025-05-01 03:07:56, 21, 25000
2025-05-01 04:43:27, 21, 25000
2025-05-01 06:44:59, 21, 25000
2025-05-01 08:42:49, 21, 25000
2025-05-01 10:42:24, 21, 25000
2025-05-01 12:52:18, 21, 25000
2025-05-01 14:41:02, 21, 25000
2025-05-01 16:43:26, 21, 25000
2025-05-01 18:44:10, 21, 25000
2025-05-01 20:40:34, 21, 25000
2025-05-01 22:41:13, 21, 25000
2025-05-02 00:57:30, 21, 25000
2025-05-02 03:01:21, 21, 25000
2025-05-02 04:42:43, 21, 25000
2025-05-02 06:44:43, 21, 25000
2025-05-02 08:42:55, 21, 25000
2025-05-02 10:42:12, 21, 25000
2025-05-02 12:52:31, 21, 25000
2025-05-02 14:42:28, 21, 25000
2025-05-02 16:43:27, 21, 25000
2025-05-02 18:43:35, 21, 25000
2025-05-02 20:40:53, 21, 25000
2025-05-02 22:41:57, 21, 25000
2025-05-03 00:57:24, 21, 25000
2025-05-03 02:58:04, 21, 25000
